Datetime,Water Level (m)
2026-09-25 06:00:00,1.5634539
2026-09-25 07:00:00,1.0083914
2026-09-25 08:00:00,0.26587734
2026-09-25 09:00:00,-0.49426177
2026-09-25 10:00:00,-1.204407
2026-09-25 11:00:00,-1.5316224
2026-09-25 12:00:00,-1.1652664
2026-09-25 13:00:00,-0.32778925
2026-09-25 14:00:00,0.63125414
2026-09-25 15:00:00,1.4281659
2026-09-25 16:00:00,1.9665132
2026-09-25 17:00:00,2.125593
2026-09-25 18:00:00,1.7870692
2026-09-25 19:00:00,1.2090182
2026-09-25 20:00:00,0.39896506
2026-09-25 21:00:00,-0.4050959
2026-09-25 22:00:00,-1.1555328
2026-09-25 23:00:00,-1.5978131
2026-09-26 00:00:00,-1.3591489
2026-09-26 01:00:00,-0.5349712
2026-09-26 02:00:00,0.40688208
2026-09-26 03:00:00,1.3122627
2026-09-26 04:00:00,1.9745815
2026-09-26 05:00:00,2.2591648
2026-09-26 06:00:00,1.9746073
2026-09-26 07:00:00,1.3930897
2026-09-26 08:00:00,0.56305766
2026-09-26 09:00:00,-0.30155334
2026-09-26 10:00:00,-1.1099062
2026-09-26 11:00:00,-1.7010969
2026-09-26 12:00:00,-1.6983943
2026-09-26 13:00:00,-0.84498847
2026-09-26 14:00:00,0.15237021
2026-09-26 15:00:00,1.1031971
2026-09-26 16:00:00,1.8433194
2026-09-26 17:00:00,2.2894099
2026-09-26 18:00:00,2.163506
2026-09-26 19:00:00,1.6480066
2026-09-26 20:00:00,0.87932026
2026-09-26 21:00:00,-0.003575885
2026-09-26 22:00:00,-0.850949
2026-09-26 23:00:00,-1.5520983
2026-09-27 00:00:00,-1.7934301
2026-09-27 01:00:00,-1.0988526
2026-09-27 02:00:00,-0.072347865
2026-09-27 03:00:00,0.885112
2026-09-27 04:00:00,1.6612219
2026-09-27 05:00:00,2.1995711
2026-09-27 06:00:00,2.2151086
2026-09-27 07:00:00,1.7205222
2026-09-27 08:00:00,0.994602
2026-09-27 09:00:00,0.09637747
2026-09-27 10:00:00,-0.7733198
2026-09-27 11:00:00,-1.5450127
2026-09-27 12:00:00,-1.9548414
2026-09-27 13:00:00,-1.4922761
2026-09-27 14:00:00,-0.41395414
2026-09-27 15:00:00,0.64605373
2026-09-27 16:00:00,1.5345825
2026-09-27 17:00:00,2.2048934
2026-09-27 18:00:00,2.4271543
2026-09-27 19:00:00,2.0261738
2026-09-27 20:00:00,1.3665742
2026-09-27 21:00:00,0.46639812
2026-09-27 22:00:00,-0.42294458
2026-09-27 23:00:00,-1.2512283
2026-09-28 00:00:00,-1.8194546
2026-09-28 01:00:00,-1.7374096
2026-09-28 02:00:00,-0.7549543
2026-09-28 03:00:00,0.29278976
2026-09-28 04:00:00,1.2252597
2026-09-28 05:00:00,1.9074538
2026-09-28 06:00:00,2.2730691
2026-09-28 07:00:00,2.0026143
2026-09-28 08:00:00,1.3931663
2026-09-28 09:00:00,0.54732776
2026-09-28 10:00:00,-0.33997336
2026-09-28 11:00:00,-1.1763653
2026-09-28 12:00:00,-1.8152848
2026-09-28 13:00:00,-1.9092063
2026-09-28 14:00:00,-1.0323473
2026-09-28 15:00:00,0.06084885
2026-09-28 16:00:00,1.0879945
2026-09-28 17:00:00,1.8986413
2026-09-28 18:00:00,2.4339387
2026-09-28 19:00:00,2.3519733
2026-09-28 20:00:00,1.8123205
2026-09-28 21:00:00,1.0280429
2026-09-28 22:00:00,0.11730939
2026-09-28 23:00:00,-0.7520068
2026-09-29 00:00:00,-1.5040307
2026-09-29 01:00:00,-1.8700907
2026-09-29 02:00:00,-1.385462
2026-09-29 03:00:00,-0.3634516
2026-09-29 04:00:00,0.6353512
2026-09-29 05:00:00,1.4371294
2026-09-29 06:00:00,2.0132866
2026-09-29 07:00:00,2.159451
2026-09-29 08:00:00,1.6990745
2026-09-29 09:00:00,1.0058378
2026-09-29 10:00:00,0.12927191
2026-09-29 11:00:00,-0.71458805
2026-09-29 12:00:00,-1.4652035
2026-09-29 13:00:00,-1.9012432
2026-09-29 14:00:00,-1.5599366
2026-09-29 15:00:00,-0.5469073
2026-09-29 16:00:00,0.48159468
2026-09-29 17:00:00,1.389276
2026-09-29 18:00:00,2.0987427
2026-09-29 19:00:00,2.4264061
2026-09-29 20:00:00,2.121055
2026-09-29 21:00:00,1.5347191
2026-09-29 22:00:00,0.69871366
2026-09-29 23:00:00,-0.16271113
2026-09-30 00:00:00,-0.9750683
2026-09-30 01:00:00,-1.5987575
2026-09-30 02:00:00,-1.7070429
2026-09-30 03:00:00,-0.939535
2026-09-30 04:00:00,-0.0040877755
2026-09-30 05:00:00,0.8643467
2026-09-30 06:00:00,1.5383059
2026-09-30 07:00:00,1.9952422
2026-09-30 08:00:00,1.9061192
2026-09-30 09:00:00,1.3793895
2026-09-30 10:00:00,0.6559419
2026-09-30 11:00:00,-0.16394678
2026-09-30 12:00:00,-0.9426128
2026-09-30 13:00:00,-1.5787989
2026-09-30 14:00:00,-1.7753372
2026-09-30 15:00:00,-1.1541007
2026-09-30 16:00:00,-0.2184167
2026-09-30 17:00:00,0.74075705
2026-09-30 18:00:00,1.5478811
2026-09-30 19:00:00,2.1482232
2026-09-30 20:00:00,2.2640536
2026-09-30 21:00:00,1.8898933
2026-09-30 22:00:00,1.2847444
2026-09-30 23:00:00,0.47969183
2026-10-01 00:00:00,-0.32912472
2026-10-01 01:00:00,-1.0645032
2026-10-01 02:00:00,-1.5328256
2026-10-01 03:00:00,-1.4112698
2026-10-01 04:00:00,-0.6723342
2026-10-01 05:00:00,0.12190257
2026-10-01 06:00:00,0.87104493
